{
  "welcomeFile": "/webapp/index.html",
  "routes": [
    {
      "path": "/resources",
      "target": {
        "type": "service",
        "name": "sapui5",
        "entryPath": "/resources"
      },
      "description": "SAPUI5 Resources"
    },
    {
      "path": "/test-resources",
      "target": {
        "type": "service",
        "name": "sapui5",
        "entryPath": "/test-resources"
      },
      "description": "SAPUI5 Test Resources"
    },
    {
      "path": "/SalfaCloud/Z278R_MIGO_NEUMATICO_FIORI",
      "target": {
        "type": "destination",
        "name": "SalfaCloud",
        "entryPath": "/fmcall/Z278R_MIGO_NEUMATICO_FIORI"
      },
      "description": "Services Destination"
    },
    {
      "path": "/SalfaCloud/",
      "target": {
        "type": "destination",
        "name": "SalfaCloud",
        "entryPath": "/fmcall/"
      },
      "description": "Services Destination"
    },
    {
      "path": "/SalfaCloud/Z278R_GET_NEU_FROM_BCODE",
      "target": {
        "type": "destination",
        "name": "SalfaCloud",
        "entryPath": "/fmcall/Z278R_GET_NEU_FROM_BCODE"
      },
      "description": "Services Destination"
    },
    {
      "path": "/services/userapi",
      "target": {
        "type": "service",
        "name": "userapi"
      }
    },
    {
      "path": "/SalfaCloud/Z278R_INCIDENCIAS_FIORI",
      "target": {
        "type": "destination",
        "name": "SalfaCloud",
        "entryPath": "/fmcall/Z278R_INCIDENCIAS_FIORI"
      },
      "description": "Services Destination"
    }
  ],
  "sendWelcomeFileRedirect": true
}